{"frames":{"New Piskel0.png":{"frame":{"x":0,"y":0,"w":33,"h":9},"rotated":false,"trimmed":false,"spriteSourceSize":{"x":0,"y":0,"w":33,"h":9},"sourceSize":{"w":33,"h":9}},"New Piskel1.png":{"frame":{"x":33,"y":0,"w":33,"h":9},"rotated":false,"trimmed":false,"spriteSourceSize":{"x":0,"y":0,"w":33,"h":9},"sourceSize":{"w":33,"h":9}},"New Piskel2.png":{"frame":{"x":0,"y":9,"w":33,"h":9},"rotated":false,"trimmed":false,"spriteSourceSize":{"x":0,"y":0,"w":33,"h":9},"sourceSize":{"w":33,"h":9}},"New Piskel3.png":{"frame":{"x":33,"y":9,"w":33,"h":9},"rotated":false,"trimmed":false,"spriteSourceSize":{"x":0,"y":0,"w":33,"h":9},"sourceSize":{"w":33,"h":9}},"New Piskel4.png":{"frame":{"x":0,"y":18,"w":33,"h":9},"rotated":false,"trimmed":false,"spriteSourceSize":{"x":0,"y":0,"w":33,"h":9},"sourceSize":{"w":33,"h":9}},"New Piskel5.png":{"frame":{"x":33,"y":18,"w":33,"h":9},"rotated":false,"trimmed":false,"spriteSourceSize":{"x":0,"y":0,"w":33,"h":9},"sourceSize":{"w":33,"h":9}},"New Piskel6.png":{"frame":{"x":0,"y":27,"w":33,"h":9},"rotated":false,"trimmed":false,"spriteSourceSize":{"x":0,"y":0,"w":33,"h":9},"sourceSize":{"w":33,"h":9}},"New Piskel7.png":{"frame":{"x":33,"y":27,"w":33,"h":9},"rotated":false,"trimmed":false,"spriteSourceSize":{"x":0,"y":0,"w":33,"h":9},"sourceSize":{"w":33,"h":9}},"New Piskel8.png":{"frame":{"x":0,"y":36,"w":33,"h":9},"rotated":false,"trimmed":false,"spriteSourceSize":{"x":0,"y":0,"w":33,"h":9},"sourceSize":{"w":33,"h":9}},"New Piskel9.png":{"frame":{"x":33,"y":36,"w":33,"h":9},"rotated":false,"trimmed":false,"spriteSourceSize":{"x":0,"y":0,"w":33,"h":9},"sourceSize":{"w":33,"h":9}},"New Piskel10.png":{"frame":{"x":0,"y":45,"w":33,"h":9},"rotated":false,"trimmed":false,"spriteSourceSize":{"x":0,"y":0,"w":33,"h":9},"sourceSize":{"w":33,"h":9}},"New Piskel11.png":{"frame":{"x":33,"y":45,"w":33,"h":9},"rotated":false,"trimmed":false,"spriteSourceSize":{"x":0,"y":0,"w":33,"h":9},"sourceSize":{"w":33,"h":9}},"New Piskel12.png":{"frame":{"x":0,"y":54,"w":33,"h":9},"rotated":false,"trimmed":false,"spriteSourceSize":{"x":0,"y":0,"w":33,"h":9},"sourceSize":{"w":33,"h":9}},"New Piskel13.png":{"frame":{"x":33,"y":54,"w":33,"h":9},"rotated":false,"trimmed":false,"spriteSourceSize":{"x":0,"y":0,"w":33,"h":9},"sourceSize":{"w":33,"h":9}},"New Piskel14.png":{"frame":{"x":0,"y":63,"w":33,"h":9},"rotated":false,"trimmed":false,"spriteSourceSize":{"x":0,"y":0,"w":33,"h":9},"sourceSize":{"w":33,"h":9}},"New Piskel15.png":{"frame":{"x":33,"y":63,"w":33,"h":9},"rotated":false,"trimmed":false,"spriteSourceSize":{"x":0,"y":0,"w":33,"h":9},"sourceSize":{"w":33,"h":9}},"New Piskel16.png":{"frame":{"x":0,"y":72,"w":33,"h":9},"rotated":false,"trimmed":false,"spriteSourceSize":{"x":0,"y":0,"w":33,"h":9},"sourceSize":{"w":33,"h":9}},"New Piskel17.png":{"frame":{"x":33,"y":72,"w":33,"h":9},"rotated":false,"trimmed":false,"spriteSourceSize":{"x":0,"y":0,"w":33,"h":9},"sourceSize":{"w":33,"h":9}},"New Piskel18.png":{"frame":{"x":0,"y":81,"w":33,"h":9},"rotated":false,"trimmed":false,"spriteSourceSize":{"x":0,"y":0,"w":33,"h":9},"sourceSize":{"w":33,"h":9}},"New Piskel19.png":{"frame":{"x":33,"y":81,"w":33,"h":9},"rotated":false,"trimmed":false,"spriteSourceSize":{"x":0,"y":0,"w":33,"h":9},"sourceSize":{"w":33,"h":9}},"New Piskel20.png":{"frame":{"x":0,"y":90,"w":33,"h":9},"rotated":false,"trimmed":false,"spriteSourceSize":{"x":0,"y":0,"w":33,"h":9},"sourceSize":{"w":33,"h":9}}},"meta":{"app":"https://github.com/piskelapp/piskel/","version":"1.0","image":"New Piskel.png","format":"RGBA8888","size":{"w":66,"h":99}}}